decade,N,Accuracy,Precision,Recall,F1
decade_2010s,41106,0.8670753661265995,0.9360226550309195,0.7880114825086362,0.8556635672020287
