hit_proba,hit_pred
0.8359793447293447,1
0.2976944444444446,0
0.24628761675621325,0
0.37042857142857144,0
0.9816000481000483,1
