acousticness,danceability,energy,instrumentalness,liveness,speechiness,valence,tempo,loudness,dance_energy,valence_acoustic,loudness_norm,decade_1960s,decade_1970s,decade_1980s,decade_1990s,decade_2000s,decade_2010s
0.06819533536755966,0.008953659247551895,0.033019138427881886,0.1267883666066847,0.02006018976193448,0.011062487732499425,0.01644224786142512,-0.029690657851588625,7.080160399387319e-05,0.029216439190114213,0.06856512135955316,-0.001737122789200613,-0.009067776984687583,-0.006398703033682355,-0.013580146230090063,0.002409692625692009,0.0029604731080731103,0.008709798725616589
-0.02400580283296391,0.053793326790836704,-0.006416087251927552,-0.09622826140175576,-0.024256835346229386,-0.02847412680846228,0.012314559236152356,-0.024098599028896005,-0.013947856996585439,0.043570382348973646,-0.08290417081282067,-0.019176544130345825,0.0027568695772165813,-0.010230890223684197,-0.0002665613849828214,-0.0014145643772779006,0.0034298343487103905,0.013249772738483512
0.0047043856434394946,-0.021931271441243187,-0.05067332855209878,0.08065069173118498,-0.028263788353863988,-0.08791818039456192,-0.049087679384429664,-0.029678565125733195,-0.016159500233513674,0.01520807830962943,0.00693422671859494,-0.012827377235569365,-0.007796536279957476,-0.0037868790694696912,-0.0008299092609113456,-0.002195657354147883,-0.01056481097822562,-0.039496281982901914
0.013069496480723563,0.04211109221436392,0.008807506947169032,-0.18283487034459514,-0.004622399374379001,0.06879905750939258,0.010256767018977745,-0.00323313774691512,-0.004786350667917911,0.04497114589814791,-0.005558388056550388,-0.008038726340971598,-0.00982892089435987,-0.014346803095475194,-0.0006453795843638985,0.0026303694526945707,-0.09670657256110159,0.010384684573730391
0.0567282624613028,-0.026004822154532974,0.030464155327267147,0.1467639541523444,0.014123286289237154,0.16062345425566676,0.017902243682454688,0.0060859626766881945,0.02478195616630357,-0.012274896739086806,0.05787583124832972,0.020418416779676065,-0.005377389066760424,-0.004888129656553314,0.0035224846274269713,-0.015397248214390119,0.00133592962933416,0.004916596635330821
