Decade,N,Accuracy,Precision,Recall,F1
decade_1960s,8222,0.7726830454877159,0.763516690173954,0.7900754074434444,0.7765690376569038
